Dancer Level,UserId,Username,Nickname
Chosen,121047265585397771,sxrl,Sxrl
Chosen,287319316502937600,thegenju,-Genju
Chosen,305089420216893449,_pinkelephant_,PinkElephant
Chosen,329246962010423297,rubahahahaha,A CumE-Bear
Chosen,356183655233749007,eissenpai,EisSenpai
Chosen,393162278746193931,merkh,Ì¶MÌ¶Ì¶EÌ¶Ì¶RÌ¶Ì¶KÌ¶Ì¶HÌ¶
Chosen,395640634146422786,slimsageyy,Slim Sageyy
Chosen,416264367978315786,yukitpn,Yuki
Chosen,630534008232476682,ankou6060,Ankou
Chosen,754389676072370325,mizajiya26,Mizajiya
Chosen,774675694261108778,.mazee.,Maze
Chosen,922460634011021362,roxyne,Roxyne
Chosen,966484439653822464,kakashi3d,ğ•¶-117
Chosen,982312656297918534,.cookiedough.,DoowYAHs Biscuit
Official,143144938891116544,catoue,Catoue
Official,163853515356241921,yun_arisu,Arisuãƒ»ã‚ã‚Šã™
Official,171665009649254401,nickyous,Nickyu
Official,199644908875677697,toastarono,Goods of Temptation
Official,209084253458137089,rxlax_,Relax
Official,249249637729304577,dreamhigt,Dreamhight
Official,249602212039229441,.rylok.,Rylok
Official,261669025455669248,bazhard,Bazh
Official,278592398744092673,luiise,Luise
Official,286986721953054721,_synex,Synex
Official,288953335472455681,mrdlegend,MrDlegend
Official,294507732881375232,syldaria,Cinderella
Official,301034508680167436,morgues,Morgues
Official,320282848345063424,vivina,DevilCrown
Official,380450461490348033,pinkydaduck,pinky da dick
Official,397920556713902080,lynxvrc,Lynx
Official,399368553884549131,sannaprikos,RÃ¸ses
Official,418166753395212288,marichanfoxy,MariChan
Official,469242988409782272,cute_hamster,ğ’ğ“Šğ“‰ğ‘’_ğ»ğ’¶ğ“‚ğ“ˆğ“‰ğ‘’ğ“‡
Official,504696551881572363,lapladyphoneacc,lapladyphoneacc
Official,546388399142076469,michavr,Mi-Cha ( on break )
Official,548224541814685715,0kusan,0kusan
Official,555450238333354016,peachiz,ğ’«ğ‘’ğ’¶ğ’¸ğ’½ğ’¾ğ“
Official,556908575985762315,ascool,Ascool
Official,594415375832317952,faithlesss.,Faithless
Official,604691797595258907,.__ash__.,Ash <3
Official,614777755598585886,xkimbee,R2D2 sexy sister
Official,723982730844700794,funny_death.,FunnyDeath
Official,743058805147041793,wilkings,wilkings
Official,763400835118923817,belleza,~Belleza
Official,770372920543019038,de5t1ny_vr,De5t1ny
Official,801372121615958016,babyale.,BebeAle
Official,1326745118497177703,monkey.is.girly,ğ“œ
Dancer,99253751709171712,slouch,Slouch
Dancer,122767797414526977,chatmagg,chatmagg
Dancer,127940746702618626,hikari_.,Hikari
Dancer,128103566651949056,vlastvrc,Vlast~
Dancer,132248188038938624,.konaax,á´‹á´É´á´€
Dancer,142332804909236224,wylo,ğ• ğ• ğ•ƒ ğ•†
Dancer,142599361736474624,sorima,Sorima
Dancer,155383079794376704,w_marius,W_Marius
Dancer,158304353214660608,m00ndroplet,m00ndroplet
Dancer,167761822315708416,wolfie_senpai,wolfie
Dancer,170369390397751307,.coleslaw,ColeSlaw
Dancer,181859863331209217,toksin,Æ®Ğ¾Æ˜ğ’–iÅŠ
Dancer,191597847160946688,noblered_,Noble Red
Dancer,191765351585939457,aimiix,Aimi
Dancer,193918340111138816,sweetdj,SweetDj
Dancer,198104280685608962,hero029,Hero029
Dancer,206195624771715073,hyperbel,Hyperbel
Dancer,206749554068946954,.freekz,F r e e k z
Dancer,206805402388529153,itslewizzz,Lewis
Dancer,210499462206849025,crazypeanatz,crazypeanatz
Dancer,215434606533410816,trislay,Trislay
Dancer,220517394588631040,kendar,Kendar
Dancer,226858910114381824,majima.san,The â€œHost Specialâ€
Dancer,233811985232297985,_hound_,Hound Â®
Dancer,241263908571054080,aizendove,AizenDove
Dancer,251011225700401152,1_ping,1 ping
Dancer,256848733235314688,hype_s,Hype
Dancer,258375225463275520,pulsered,PulseRed
Dancer,260628865729298432,ggenocidee,GGenocidee
Dancer,265202467367550978,babygirlxy,babygirlxy
Dancer,268367187234783232,ahrithevillainess,<3 Ahri <3
Dancer,276743721461219328,miffyvr,Miffy
Dancer,277971643731542016,salemnightmarevr,s a l e m
Dancer,283643261300637707,blueberry_booty,Sinikka
Dancer,285085185911816202,mizellia,mizellia
Dancer,290842753645019148,e0x0p,A Halal
Dancer,300238892299452417,lepandasamourai,LePandaSamouraÃ¯
Dancer,306868881438539778,.lovely_girl.,Emonia
Dancer,327094463400771585,cathou7288,Cathou
Dancer,327495171736338442,yutsumi,Yutsumi
Dancer,333681052352643073,rhysumi,Kimbeeâ€™s Simp (Rhysumi)
Dancer,335358506582671361,unknowninurmind,MrsÃ™Ã±Ä·Ã±Ã´wÃ±
Dancer,352460937602793473,strammermax,Maax
Dancer,371028053855305728,missmisaki,Missmisaki
Dancer,399449196333105162,bunnywow,Doll (GoodBunny)
Dancer,407954002765152258,entchen_moni,Entchen_moni
Dancer,417401632377012235,morimaru_,É¢Ì¶ÉªÌ¶á´ Ì¶á´‡Ì¶É´Ì¶á´„Ì¶ÊœÌ¶Ê
Dancer,427219202894594057,898criiss,Â¢ÑÎ¹Î¹Ñ•Ñ• ÏŸ
Dancer,428463919879815174,.nohat.,.nohat.
Dancer,467392877404618752,eggly69,Eggly
Dancer,483137237073133589,colin.vrc,colin
Dancer,483892649221292042,mango.makc,mango.makc
Dancer,485230478400421917,weewa.,weewa
Dancer,486082556454895629,pigpig_cat,pigpig_cat
Dancer,492375469585334287,lisrosy,LisRosy
Dancer,495883927915986954,xleostarx,LeoStar
Dancer,508103862192963594,itzsoph,Itz Soph
Dancer,532983109117935659,kento1111,Kento
Dancer,539509361337434112,minrae,minrae
Dancer,552099684357767174,alloy9673,Alloy9673
Dancer,557227553434370059,lapinouu,Lapinouu
Dancer,563639093993537536,itsmow,Mow
Dancer,569172010253549568,yamikitty,Yá´€á´Éª â›§
Dancer,572174717113466899,xxshinxxx,à¼’ShinXà¼’
Dancer,575012352185991208,myzu.,Myzu
Dancer,581151396519346246,animee,animee
Dancer,587221685103493137,h0shiiii,h0shiiii
Dancer,592861886802821137,gwoulis,-_-
Dancer,631132644180099148,hegins,Hegins
Dancer,633050807260020757,chaotic_wo1f,ChaoticWo1f
Dancer,646736896273416203,.9cats,à¼a
Dancer,655213760344096768,totoro90,Totoro
Dancer,668146931620642885,rodmld,~Rod~
Dancer,686720616648278100,_reflect_,_Reflect_
Dancer,695992590822014996,reynaring,sheelest
Dancer,720040408360419348,lexxxya,lexyaaaaa
Dancer,739251688145289368,kuuderekitten,kuuderekitten
Dancer,746773446620610701,chels.exe,chels
Dancer,774359021708509195,lunarfay,Lunarfay
Dancer,781215730901057538,carmen.emh,Carmen.emh
Dancer,793561040344186910,boss_hub,Magic Sex
Dancer,803923742274355201,devilsangel.,Devilsangel
Dancer,816482100668399636,munchh1481,Starburst
Dancer,831985762324316210,_.rio.,rio_dance
Dancer,867807299879698462,kagomeshrine,Kagome
Dancer,898314583234723942,unactivenewacc,ana
Dancer,910563310401904650,koneko0610,ï½¢KÎ˜NEKÎ˜ï½£
Dancer,944027522834780240,mikulumeow,MikÏ‰
Dancer,984222687901667338,bemee,! Bemee Â¦ Behemoth (Oika)
Dancer,1012725011984941086,not.jessie,-Jessie-
Dancer,1021687088715935805,valeriee7073,val<3
Dancer,1028556719783161886,l1nr,A Cute L1nr âœ¨
Dancer,1051447952255766638,ttvredxwolfin,â¤ğŸºRedxWolfinğŸºâ¤
Dancer,1052455944736493738,flyhigh11b,flyhigh
Dancer,1076013549324869652,midknightwolfx,MidKnightWolf
Dancer,1104458433719189608,.elweiss,Elweinss
Dancer,1109840463587971093,notpoulet,notpoulet
Dancer,1208528089781379114,deathlyprince.,Hades or something
Trial,81093220401938432,jamokdokie,Jamo
Trial,131206769648205824,ffbonomelli,FiltroFioreBonomelli
Trial,134183579277197312,ferritofcourse,Ferrit
Trial,154090131177996288,.azyra.,ğ¥ğ¨ğ¯ğğ¯ğšğ¥ğğ§ğ­ğ¢ğ§ğâ™¡
Trial,175264832172326912,haruyuukie,HaruYuukie
Trial,196820181337636864,crest_floof,Cresty
Trial,211857620858830848,lunaeclipse7779,LunaEclipse
Trial,224839311055388672,smolgrey,De-Grey-Dee
Trial,231886031949922308,blossompicker,Sara
Trial,238844126873780225,instrumental.,.ğ–§á²¼
Trial,264051273375023104,celithiel,Celithiel
Trial,271812505028788235,cwalllemoon,ã‚¯ãƒ¯ãƒ«ãƒ¬ãƒ ãƒ¼ãƒ³
Trial,272869022243094528,.capitan.,Captain-Namaya
Trial,273170101442969600,cloudgazerr,CloudGazerr
Trial,275689076303200257,mitchie2011,Mitchie
Trial,277102263124623360,vladra_niklas,Vladra [NIKLAS]
Trial,289936485333991424,just_alphaa,J. Alpha
Trial,313488338613174273,supavr,Supa
Trial,314495495106199552,kaoriisenpai,â›§ğ“šğ“ªğ“¸ğ“»ğ“²â›§
Trial,320598731944886274,akaame,Akaame
Trial,320905770097049600,yutahma,Yutah
Trial,321024021460287488,hashes.,hashes
Trial,321470674835341312,yashiro.vrc,Yashiro
Trial,335527771012988938,powlar,Powlar
Trial,340588957769400330,elfz,Elfz
Trial,355715799664558080,chillingmylife,á´‹Éªá´sÊœÉª
Trial,376363788208963587,arteziaaurae,Tia
Trial,376890032121970691,nao_beat_vrc,Nao
Trial,380161779642269697,caribou0204,Le Caribou
Trial,397502508144001024,.valkyire33,Valkyrie
Trial,399155152734388226,zenathezen,ZenaTheZen
Trial,409366970744700928,anothertemptation,ğŸŒ™  Ì¶TÌ¶eÌ¶mÌ¶pÌ¶tÌ¶aÌ¶tÌ¶iÌ¶oÌ¶nÌ¶  âœ¨
Trial,416367738697809930,notsojunji,junji
Trial,416550030183366657,katyzon,Katy
Trial,448464297262055435,raven7262,~â„ğ•’ğ•§ğ•–ğ•Ÿ~
Trial,454000847584755733,cyiiber,CYÅ‚Å‚BÎ£Ğ¯
Trial,478536402150096896,ariileiin,Ariilein
Trial,485033933696663553,.pxige.,A FUCKING SCOTTISH SHEILA
Trial,497913593866616833,teven96,Taurus Demon
Trial,562638932836352020,habbyz,Habbyz
Trial,581107630974566400,cngg,Uploader
Trial,633696006302859274,qaisar,Caesar
Trial,708444210050760774,k.a.n.d.i,K A N D I
Trial,725649633828667433,irreagullair,irreagullair
Trial,759683238368378882,zzaya,Zaya
Trial,765473937202872320,zziggy,Ziggy
Trial,780169014084370502,akumachann,Kaname Yashiro
Trial,850030500214472724,last_existings,È¶É›ÊÖ„È¶É›É– Õ¦ÊŠÇŸÆˆÓ„É›Ê€
Trial,890205377432530995,deadly_66613,LonelyDeath
Trial,927435147014438982,paytota,Paytota
Trial,945806142548889601,.candy077,Candy
Trial,964785111419719680,anju_vr,â€¤Â°à¼»Anjuà¼ºÂ°â€¤
Trial,1041764773173411852,straykids_vr,StrayKids
Trial,1159355165036515460,shinjihoshi,SÄ§É¨nÉ‰É¨
Trial,1197228127320023122,haehae222,^+Jun-Hee+^
Trial,1198092803079684120,shinobiawakes1,Prince
Trial,1199532559118368780,demontopia,âœ°
Trial,1295495161312448623,sex.vr,á´›Êœá´‡ sá´‡xá´Ê€á´„Éªsá´›
Trial,1338922194641883197,kaii.cyb,KÉ…II
